"""View"",""Name of Firm"",""Trade Name"",""unknown"",""unknown"",""Address, line 1"",""Address, line 2"",""City"",""State"",""Zip"",""Capabilities Narrative"",""Accepts Credit Card?"",""CAGE Code"",""Congr. Dist."",""County Code"",""DUNS Number"",""Fiscal Year Ends"",""In SAM?"",""Incorp. Country"",""Main/Branch"",""Metro Stat Area"",""WWW Page URL"",""Year Established"",""8(a) Entrance Date"",""8(a) Exit Date"",""HUBZone Certification Date"",""HUBZone Exit Date"",""Legal Structure"",""SDB Entrance Date"",""SDB Exit Date"",""unknown"",""unknown"",""Special Equipment/Materials"",""NAICS, All (for which firm is small)"""
"""1"",""Hoist & Crane Systems, Inc. "","""",""MARK DUNN"","""",""1020 Commercial Dr "","""",""Matthews"",""NC"",""28104-5004"","""",""Yes"",""1RS44"",""09"",""179"",""085076271"",""0601"",""Y"",""USA"",""Main"",""1520"",""http://www.hoist-crane.com"",""1977"","""","""","""","""","""","""","""","""","""","""",""238290, 333922, 333923"""
"""2"",""CLEAN CAPS LIMITED"","""",""WILLIAM S BRYANT"","""",""7507 RUSSELL RD"","""",""INDIAN TRAIL"",""NC"",""28079-6781"","""",""No"",""6D2H0"",""08"",""179"",""145690306"",""1201"",""Y"",""USA"",""Main"",""1520"","""",""2003"","""","""","""","""",""LL"","""","""","""","""","""",""315990"""
"""3"",""MARKEE DISTRIBUTORS, LLC"","""",""JOSEPH MARCHESANI"",""OWNER"",""218 K LINE DR"","""",""MATTHEWS"",""NC"",""28104-7023"",""Sales and service of specialty batteries: medical, communications & UPS replacement batteries. Also a source for: Nicad, Nimh, Lithium, Sealed Lead Acid & Alkaline batteries; UPS systems, patient electrodes, patient cables."",""Yes"",""3KKQ1"",""09"",""179"",""138428987"",""1201"",""Y"",""USA"",""Main"",""1520"",""http://www.markeeonline.com"",""2003"","""","""","""","""",""LL"","""","""",""Medical Batteries, Hand Radio Batteries, Radio Batteries, Battery, Nicad Battery, Nimh Battery, Lithium Batteries, Alkaline Batteries, Lead Acid Batteries, SLA, Flashlight Batteries, Defib Batteries, Pump Batteries, X-Ray Batteries, UPS Systems"",""Patient Electrodes"",""MEDICAL AND COMMUNICATIONS (LMR) BATTERIES."",""335911, 335912, 423120, 423610"""
"""4"",""TUCKER INNOVATIONS INCORPORATED"","""",""Tommy Tucker"","""",""8525 BROXBURN LN"","""",""WAXHAW"",""NC"",""28173-9054"","""",""No"",""5T5F0"",""09"",""179"",""103382631"",""1201"",""Y"",""USA"",""Main"",""1520"",""http://www.tuckerinnovations.com"",""2001"","""","""","""","""",""SC"","""","""","""","""","""",""541511"""
"""5"",""Taylor's Landscaping Service Inc "","""",""Dana Taylor"","""",""3302 E HIGHWAY 218 "","""",""MONROE"",""NC"",""28110-7043"","""",""No"",""7CVN7"",""08"",""179"",""788629439"",""1201"",""Y"",""USA"",""Main"",""1520"","""",""2006"","""","""","""","""","""","""","""","""","""","""",""111421, 221310, 561730"""
"""6"",""SIMPLE COM TOOLS, LLC "","""",""BRIAN  J. MCKEON"","""",""113 Indian Trail Rd N # 102 "","""",""Indian Trail"",""NC"",""28079-7808"","""",""Yes"",""6RR82"",""09"",""179"",""190559828"",""1201"",""Y"",""USA"",""Main"",""1520"",""http://www.simplecomtools.com"",""2003"","""","""","""","""",""LL"","""","""","""","""","""",""334111, 541511, 541512"""
"""7"",""GENERAL HOSPITAL SUPPLY CORP"","""",""JORDAN  BARNES"","""",""2844 GRAY FOX RD"","""",""MONROE"",""NC"",""28110-8422"","""",""Yes"",""4ZNL0"",""08"",""179"",""055852834"",""1201"",""Y"",""USA"",""Main"",""1520"","""",""1987"","""","""","""","""",""SC"","""","""","""","""","""",""423450"""
"""8"",""A P & T NORTH AMERICA, INC."","""",""STEFAN KNUDSEN"","""",""4817 PERSIMMON CT"","""",""MONROE"",""NC"",""28110-9314"","""",""Yes"",""07SZ9"",""08"",""179"",""062531389"",""1201"",""Y"",""USA"",""Main"",""1520"","""",""1990"","""","""","""","""","""","""","""","""","""","""",""423830"""
"""9"",""LEXI INCORPORATED"",""STERLING SERVICES"",""Steven S Taylor"","""",""3372 SMITH FARM RD"","""",""MATTHEWS"",""NC"",""28104-5040"",""Sterling Services repairs, calibrates, and integrates industrial automation electronics. Programmable Logic Controllers (PLCs), AC/DC/Servo Drives, Temperature Controllers, Timers, Industrial Computers, HMI/MMI, Interfaces, Displays, Soft-Starts, & more."",""Yes"",""4C4R3"",""09"",""179"",""794302745"",""1201"",""Y"",""USA"",""Main"",""1520"",""http://www.sterlingservices.com"",""1997"","""","""","""","""","""","""","""",""PLC, repair, electronic, ac, drives, dc, servo, modicon, allen-bradley, westinghouse, siemens, texas instruments, rockwell, panelview, panelmate, circuit board repair, calibration, industrial controls, control repair, plc programming, temperature controls"",""controllers, programmable logic, koyo, ge"",""If it has a circuit board in it, we can fix it, or supply a replacement. We design and retrofit controls, and provide programming services. We handle current and obsolete electronics and components."",""238210, 423610, 423690, 423830, 811211, 811219, 811310"""
"""10"",""CRYSTAL WORKS, LLC"","""",""Kelly ARAYA"","""",""2709 LIBERTY HALL CT"","""",""WAXHAW"",""NC"",""28173-7987"","""",""No"",""50MR1"",""09"",""179"",""809806008"",""1201"",""Y"",""USA"",""Main"",""1520"",""http://www.CrystalWorksGETS.com"",""2006"","""","""","""","""",""LL"","""","""","""","""","""",""221114, 541330, 541330, 541330, 541330, 541512, 541513, 561110, 561499, 813211"""
"""11"",""INDUSTRIAL ALLOYS, INC."","""",""JIMMY  HINSON"",""GOVERNMENT SALES"",""1021 VAN BUREN AVE"","""",""INDIAN TRAIL"",""NC"",""28079-5541"",""METAL DISTRIBUTOR/FABRICATION"",""Yes"",""8Y435"",""09"",""179"",""113340095"",""1201"",""Y"",""USA"",""Main"",""1520"","""",""1983"","""","""","""","""","""","""","""",""STEEL, METAL, FABRICATION"","""","""",""331210, 331315, 332111, 332322, 332996"""
"""12"",""Icemorelee Investors, LLC "","""",""Jenee McClain-Bankhead"","""",""1611 Icemorlee St "","""",""Monroe"",""NC"",""28110-2645"","""",""No"",""6A4N4"",""08"",""179"",""189035652"",""1201"",""Y"",""USA"",""Main"",""1520"","""",""2008"","""","""","""","""",""LL"","""","""","""","""","""",""531110"""
"""13"",""XCL MEDICAL, INC."","""",""Brian Walsh"","""",""5012 OXFORDSHIRE RD"","""",""WAXHAW"",""NC"",""28173-7324"","""",""Yes"",""593K2"",""09"",""179"",""095668252"",""1201"",""Y"",""USA"",""Main"",""1520"",""https://www.xclmedical.com"",""2001"","""","""","""","""",""SC"","""","""","""","""","""",""423450, 532291"""
"""14"",""U S SPECIALTY COLOR CORPORATION"","""",""MARK  HUFF"",""General Manager"",""5624 CANNON DR"","""",""MONROE"",""NC"",""28110-9139"",""Manufacturer and supplier of dyes and chemicals for metal finishing. Includes organic and inorganic dyes for anodized aluminum, anodizing additives, cleaners, etchants, fume suppressants, sealants and chromate conversions"",""Yes"",""3DCT1"",""08"",""179"",""139683247"",""1201"",""Y"",""USA"",""Main"",""1520"",""HTTP://WWW.USSPECIALTY.COM"",""1984"","""","""","""","""",""SC"","""","""",""Metal finishing, Dyes, Chemicals, Aluminum"","""",""Chromate conversion coating, Aurous 19, has been on government qualified list since 1979 and resides on the qualified products list under military specification MIL-C-81706 and meets Mil. Spec C-5541"",""325130, 325199"""
"""15"",""Page Operations and Consulting LLC "","""",""Michael W Page"","""",""8714 Beaminster Pl "","""",""Waxhaw"",""NC"",""28173-6596"","""",""No"",""72Q61"",""09"",""179"",""079290291"",""1201"",""Y"",""USA"",""Main"",""1520"","""",""2014"","""","""","""","""",""LL"","""","""","""","""","""",""485113, 541611, 541614, 561210"""
"""16"",""CAROLINA WOOD PRODUCTS OF MARSHVILLE, INC."","""",""IRIS  HORNE"","""",""1112 DOCTOR BLAIR RD"","""",""MARSHVILLE"",""NC"",""28103-9704"","""",""No"",""5AT52"",""08"",""179"",""047287875"",""1201"",""Y"",""USA"",""Main"",""1520"","""",""1968"","""","""","""","""",""SC"","""","""","""","""","""",""321920"""
"""17"",""QEMS, INC."","""",""Phuong Nguyen"","""",""1310 AIRPORT RD STE B"","""",""MONROE"",""NC"",""28110-7390"",""QEMS, Inc. is a contract manufacturer specializing in the assembly of electronic printed ciruits. Services include SMT and throughhole placement, cable and harness assembly."",""No"",""1X6K3"",""09"",""179"",""103382649"",""1201"",""Y"",""USA"",""Main"",""1520"",""http://www.qemsinc.com"",""2002"","""","""","""","""",""SC"","""","""",""Electronics Assembly, PCB Assembly, Electronics, SMT, Pb-free, Manufacturing, Cable Assembly, EMS Provider, Prototype Builds, Box builds, Printed Circuits"","""",""QEMS, Inc. is lead-free comliant."",""334418"""
"""18"",""WHITESEL, STEPHEN A"","""",""STEPHEN   A WHITESEL"","""",""213 S CLIFF DR"","""",""WAXHAW"",""NC"",""28173-7820"","""",""No"",""6EH59"",""09"",""179"",""968405980"",""1201"",""Y"",""USA"",""Main"",""1520"","""",""2011"","""","""","""","""","""","""","""","""","""","""",""611710"""
"""19"",""PLiiNC, Inc. "","""",""Paul Pazzaglini"","""",""1017 Baron Rd "","""",""Waxhaw"",""NC"",""28173-8361"","""",""No"",""78NH0"",""09"",""179"",""079559387"",""1201"",""Y"",""USA"",""Main"",""1520"",""http://www.pliinc.com"",""2012"","""","""","""","""","""","""","""","""","""","""",""334220"""
"""20"",""SIERRA IC INC"","""",""JOSEPH   SATALINO"","""",""209 KINDLING WOOD LN"","""",""WAXHAW"",""NC"",""28173-6103"","""",""Yes"",""4Q251"",""09"",""179"",""153241604"",""1201"",""Y"",""USA"",""Main"",""1520"",""HTTP://www.sierraic.com"",""2004"","""","""","""","""","""","""","""","""","""","""",""334413, 423690"""
"""21"",""X TERMINATORS INC. "",""X-Terminators Pest Control "",""Aaron McPhatter"","""",""6911 Oakland Ave. "","""",""Indian Trail"",""NC"",""28079-8536"","""",""Yes"",""7DEM3"",""08"",""179"",""065203433"",""1201"",""Y"",""USA"",""Main"",""1520"",""www.xterminatorspestcontrol.com"",""2012"","""","""","""","""","""","""","""","""","""","""",""561710"""
"""22"",""STRATEGICON, INC"","""",""ROBERT BILLS Bills"","""",""1013 FIRETHORNE CLUB DRIVE"","""",""WAXHAW"",""NC"",""28173-6552"","""",""No"",""4TBT7"",""09"",""179"",""801372397"",""1201"",""Y"",""USA"",""Main"",""1520"","""",""2007"","""","""","""","""",""SC"","""","""","""","""","""",""541611, 541612, 541613, 541618, 541990, 611430"""
"""23"",""M3 PRODUCTS COM"",""SCIENSCOPE PRODUCTS"",""SUSAN VINCENTI"","""",""1537 GOLDEN RAIN DR"","""",""MATTHEWS"",""NC"",""28104-6215"","""",""Yes"",""5BNJ6"",""09"",""179"",""828520630"",""1201"",""Y"",""USA"",""Main"",""1520"",""http://www.scienscopeproducts.com"",""2008"","""","""","""","""","""","""","""",""MICROSCOPE, LAB MICROSCOPE, INSPECTIO MICROSCOPE, VIDEO MEASUREMENT, TRINOCULAR, BINOCULAR, MICROSCOPE CAMERA, MICROSCOPE LIGHTING, MICROSCOPE LED, MICROSCOPE ACCESSOR, MICROSCOPE STANDS, COMPOUND MICROSCOPE, FIBER OPTIC ILLUM, FIBER OPTIC LIGHT"",""HD MICROSCOPE CAMERA, MICROSCOPE LENSES, MICROSCOPE EYEPIECES, MICROSCOPE VIDEO, VIDEO INSPECTION, VIDEO INSPECTION SYS"","""",""333314, 334516, 454111"""
"""24"",""Richards & Black, LLC "","""",""Shaun R Heptinstall"","""",""1002 Pine Twig Way "","""",""Matthews"",""NC"",""28104-6893"","""",""Yes"",""754D5"",""09"",""179"",""079414935"",""1201"",""Y"",""USA"",""Main"",""1520"",""www.richardsandblack.com"",""2014"","""","""","""","""",""LL"","""","""","""","""","""",""561612"""
"""25"",""Punch Technologies, Inc. "",""Punch Technologies "",""Gregory Artzt"","""",""2014 Climbing Rose Ln "","""",""Matthews"",""NC"",""28104-6230"","""",""Yes"",""7EGU4"",""09"",""179"",""078529253"",""1201"",""Y"",""USA"",""Main"",""1520"",""http://www.punchalert.com"",""2012"","""","""","""","""","""","""","""","""","""","""",""423430, 517919"""
"""26"",""Dawn Development Co., Inc. "","""",""Charlotte Palmer"","""",""1815 N Rocky River Rd "","""",""Monroe"",""NC"",""28110-7961"","""",""No"",""7F2R4"",""08"",""179"",""044584352"",""1201"",""Y"",""USA"",""Main"",""1520"","""",""2000"","""","""","""","""",""SC"","""","""","""","""","""",""221210, 237120"""
"""27"",""CASA FIORA LLC"","""",""Ellen Miller"","""",""4817 STARCREST DR"","""",""MONROE"",""NC"",""28110-8496"","""",""Yes"",""4HVZ5"",""08"",""179"",""131827854"",""1201"",""Y"",""USA"",""Branch"",""1520"",""www.casafiora.com"",""2002"","""","""","""","""",""LL"","""","""","""","""","""",""314120"""
"""28"",""EDWARDS, JOHN CO INC"","""",""LARRY Meade"","""",""5030 SMITH FARM RD"","""",""INDIAN TRAIL"",""NC"",""28079-0000"","""",""No"",""35FH5"",""08"",""179"",""046150801"",""0801"",""Y"",""USA"",""Main"",""1520"",""http://www.johnedwardsco.com"",""1964"","""","""","""","""","""","""","""","""","""","""",""423830, 423840, 424610"""
"""29"",""AIRBORNE TREE SERVICE LLC "","""",""WILLIAM S COOK"","""",""7922 DEER LN "","""",""WAXHAW"",""NC"",""28173-9194"","""",""Yes"",""73DT0"",""09"",""179"",""057087167"",""1201"",""Y"",""USA"",""Main"",""1520"","""",""2012"","""","""","""","""",""LL"","""","""","""","""","""",""238910, 561730"""
"""30"",""Shoulder Options, Inc."","""",""Mike Burgan"","""",""100 E South Main St"","""",""Waxhaw"",""NC"",""28173-7013"","""",""Yes"",""6JTG9"",""09"",""179"",""053545528"",""1201"",""Y"",""USA"",""Main"",""1520"",""www.shoulderoptions.com"",""2008"","""","""","""","""","""","""","""","""","""","""",""813920"""
"""31"",""morrison appraisal inc "","""",""Andy Morrison"","""",""613 EUCLID ST "","""",""MONROE"",""NC"",""28110-2706"","""",""No"",""7CKW6"",""08"",""179"",""127323640"",""1201"",""Y"",""USA"",""Main"",""1520"","""",""1985"","""","""","""","""","""","""","""","""","""","""",""531320"""
"""32"",""INTERNATIONAL CONSTRUCTION EQUIPMENT INC"","""",""JOYCE Woodward"","""",""301 WAREHOUSE DR"","""",""MATTHEWS"",""NC"",""28104-8100"","""",""Yes"",""1LFT8"",""09"",""179"",""066318189"",""1201"",""Y"",""USA"",""Main"",""1520"","""",""1974"","""","""","""","""","""","""","""","""","""","""",""333120"""
"""33"",""Applied Automation, LLC"","""",""Scott Miles"","""",""1064 Van Buren Ave Ste 1"","""",""Indian Trail"",""NC"",""28079-5569"",""Custom industrial controls panel build, subassembly, and systems integration of industrial controls applications"",""Yes"",""6J2B1"",""09"",""179"",""969006514"",""1201"",""Y"",""USA"",""Main"",""1520"",""http://www.appliedautomation4u.com"",""2000"",""08/26/2003"",""08/26/2012"","""","""",""LL"",""08/26/2003"",""09/16/2014"",""Systems integrator, subassembly, panel build fab"","""","""",""221310, 238210, 238290, 334418, 334419, 334515, 335931, 335999, 423850, 541511, 541512, 541519, 541519, 541611, 561621, 811211, 811310"""
"""34"",""HALL, JAMES"","""",""JAMES W. HALL"","""",""204 CEDAR ST  WINGATE UNIVERSITY"","""",""WINGATE"",""NC"",""28174-0000"","""",""No"",""43EY6"",""08"",""179"",""128287583"",""1201"",""Y"",""USA"",""Main"",""1520"","""",""2002"","""","""","""","""","""","""","""","""","""","""",""511120, 541690, 541990"""
"""35"",""Carolina Rampit USA "","""",""Patrick M Neel"","""",""3224 Westwood Industrial Dr "","""",""Monroe"",""NC"",""28110-5231"","""",""Yes"",""71MB7"",""09"",""179"",""078511673"",""1201"",""Y"",""USA"",""Main"",""1520"","""",""2007"","""","""","""","""",""LL"","""","""","""","""","""",""236118, 238190"""
"""36"",""Summerlin II, William Newsom "",""W. Newsom Summerlin "",""William N. Summerlin"","""",""1008 Foxfield Rd "","""",""Waxhaw"",""NC"",""28173-7540"","""",""No"",""73BY5"",""09"",""179"",""079348385"",""1201"",""Y"",""USA"",""Main"",""1520"","""",""2014"","""","""","""","""","""","""","""","""","""","""",""561611, 611430"""
"""37"",""Medical A.V. Solutions, LLC "","""",""Clifford J Deason"","""",""9615 Belmont Ln "","""",""Waxhaw"",""NC"",""28173-7584"","""",""Yes"",""740S5"",""09"",""179"",""079292283"",""1201"",""Y"",""USA"",""Main"",""1520"","""",""2014"","""","""","""","""",""SC"","""","""","""","""","""",""541512"""
"""38"",""Mighty Products Corporation "",""Mighty Sports "",""JESSE CHEN"","""",""3700 Smith Farm Rd "","""",""MATTHEWS"",""NC"",""28104-5032"","""",""Yes"",""6VGW2"",""09"",""179"",""078785525"",""1201"",""Y"",""USA"",""Main"",""1520"",""www.MightyProducts.com"",""2012"","""","""","""","""","""","""","""","""","""","""",""237990, 237990, 313210, 326199, 326299, 336612, 423910, 532292, 611620, 711310, 713990"""
"""39"",""P and C Meck LLC "","""",""Brenda Creech"","""",""3362 Smith Farm Rd "","""",""matthews"",""NC"",""28104-5040"","""",""No"",""6WGU4"",""09"",""179"",""078830904"",""1201"",""Y"",""USA"",""Main"",""1520"","""",""2013"","""","""","""","""","""","""","""","""","""","""",""531120"""
"""40"",""E - Ford Commissary Inc "","""",""Jacquette Ginyard"","""",""1221 Technology Dr Ste D "","""",""Indian Trail"",""NC"",""28079-3418"","""",""Yes"",""74EF9"",""08"",""179"",""079374519"",""1201"",""Y"",""USA"",""Main"",""1520"",""www.Efordcommissary.com "",""2012"","""","""","""","""",""SC"","""","""","""","""","""",""423450, 424420, 445299, 446120, 446191, 448110, 448120, 448140, 448150, 448190, 624210, 722310"""
"""41"",""3-SIDES 2 LIFE, LLC "","""",""Kevin W Haynes"","""",""1601 ASHBURN RIDGE DR "","""",""WAXHAW"",""NC"",""28173-7135"","""",""Yes"",""7BRE1"",""09"",""179"",""021102578"",""1201"",""Y"",""USA"",""Main"",""1520"","""",""2012"","""","""","""","""",""LL"","""","""",""aviation, aerospace, consulting, facilities, support personnel, technician, aircraft, engineer, maintenance, repair, overhaul, training, janitor, administrative, office, program, project, management, helicopter, rotary, wing, business"","""","""",""518210, 541330, 541330, 541330, 541330, 541340, 541410, 541420, 541430, 541611, 541612, 541613, 541614, 541618, 541690, 541990, 561110, 561210, 561312, 561320, 561410, 561421, 561439, 561499, 561599, 561612, 561613, 561621, 561720, 561730, 561790, 561910, 561990"""
"""42"",""Birch Bros. Southern, Inc. "","""",""ALAN BIRCH BIRCH"","""",""9510 Newtown Rd "","""",""Waxhaw"",""NC"",""28173-8574"","""",""Yes"",""27402"",""09"",""179"",""045908787"",""0901"",""Y"",""USA"",""Main"",""1520"",""http://www.birchbrothers.com"",""1967"","""","""","""","""","""","""","""","""","""","""",""333999, 423830, 811310"""
"""43"",""BEACON GIS, LLC "","""",""RObert McNally"","""",""3801 ZEBULON WILLIAMS RD "","""",""MONROE"",""NC"",""28110-9396"","""",""No"",""6YGP8"",""08"",""179"",""038280114"",""1201"",""Y"",""USA"",""Main"",""1520"","""",""2011"","""","""","""","""",""SC"","""","""","""","""","""",""541370, 541611, 541614, 541618, 541690, 541990"""
"""44"",""DB INVESTIGATIONS INC"","""",""DONALD F. BELL Bell"","""",""4100 SHANNAMARA DR"","""",""MATTHEWS"",""NC"",""28104-0649"","""",""No"",""1XR65"",""09"",""179"",""100908099"",""1201"",""Y"",""USA"",""Main"",""1520"","""",""2002"","""","""","""","""","""","""","""","""","""","""",""561611"""
"""45"",""M.E.D.S Inc "","""",""Jacquette Ginyard"","""",""1221 Technology Dr Ste D "","""",""Indian Trail"",""NC"",""28079-3418"","""",""Yes"",""77RU3"",""08"",""179"",""079610811"",""1201"",""Y"",""USA"",""Main"",""1520"",""http://www.Medsintl.com"",""2014"","""","""","""","""",""SC"","""","""","""","""","""",""423450"""
"""46"",""MCCARTER ELECTRICAL COMPANY"","""",""RODNEY  McCarter"","""",""1710 Morgan Mill Rd"","""",""MONROE"",""NC"",""28110-3643"","""",""Yes"",""5SQ12"",""08"",""179"",""173555327"",""0201"",""Y"",""USA"",""Branch"",""1520"",""http://www.mccarterelectric.com"",""1957"","""","""","""","""",""SC"","""","""","""","""","""",""236210, 236220, 237130, 237990, 237990"""
"""47"",""Liquid Process Systems Inc"","""",""JUDY SHUMS SHUMS"",""President"",""1025A Technology Dr"","""",""Indian Trail"",""NC"",""28079-5514"",""Providing hot oil filtration - up to 650?F - process water filtration, process heating and chilling, pumping and blending systems, custom applications"",""Yes"",""3DWR0"",""08"",""179"",""791982044"",""1201"",""Y"",""USA"",""Main"",""1520"",""http://www.lps-filtration.com"",""1992"","""","""","""","""",""SC"",""07/20/1999"",""07/20/2002"",""custom processes, filtering, filtration, hot oil filtration, industrial processes, oil filtration, oil systems, process equipment"","""",""thermal oil filtration, custom equipment, process equipment, hot oil filtration"",""332322, 332420, 332710, 332721, 332996, 332999, 333249, 333999"""
"""48"",""PM HOME SOLUTION LLC "","""",""philip l Millward"","""",""505 PARKER ST "","""",""MONROE"",""NC"",""28112-6045"","""",""Yes"",""7DLF2"",""08"",""179"",""047973729"",""1201"",""Y"",""USA"",""Main"",""1520"",""www.Pmhomesolutions.net"",""2006"","""","""","""","""","""","""","""","""","""","""",""236115, 236118, 238160"""
"""49"",""DELLINGER INC"","""",""DIANE B COLLINS"","""",""2631 OLD CHARLOTTE HWY"","""",""MONROE"",""NC"",""28110-0000"","""",""No"",""0GCC3"",""08"",""179"",""059136440"",""0301"",""Y"",""USA"",""Main"",""1520"","""",""1972"","""","""","""","""","""","""","""","""","""","""",""237110, 237310"""
"""50"",""PROSTHETIC-ORTHOTIC SPECIALISTS OF MONROE, LLC "","""",""Amber G Doran"","""",""1420 ELLEN ST "","""",""MONROE"",""NC"",""28112-5173"","""",""Yes"",""6ZT64"",""08"",""179"",""040633647"",""1201"",""Y"",""USA"",""Main"",""1520"","""",""2012"","""","""","""","""",""LL"","""","""","""","""","""",""339113"""
"""51"",""MCCOLLUM TRUCKING & GRADING, INC."","""",""RONALD D MCCOLLUM"","""",""810 N SUTHERLAND AVE"","""",""MONROE"",""NC"",""28110-0000"",""Complete grading (site prep, erosion control, storm drain, water, sewer, curb, sidewalk, paving) Trucking (Tandems, Triaxles, Quads) or materials hauling (sand, stone, gravel, dirt)"",""Yes"",""3YLC5"",""08"",""179"",""613049048"",""1201"",""Y"",""USA"",""Main"",""1520"",""http://www.mccollumtrucking.com"",""1979"","""","""","""","""","""","""","""",""Trucking, grading, erosion control, paving, water, sewer, storm drain, materials hauling"","""",""Grading equipment dump trucks sand stone gravel dirt pipe (metal or plastic)"",""237110, 237210, 237310, 237990, 237990, 238910, 423390, 484110, 484220"""
"""52"",""TOWER GUYS, INC"","""",""Denise Hooks"","""",""1411 BABBAGE LN STE A"","""",""INDIAN TRAIL"",""NC"",""28079-3450"","""",""Yes"",""6G8M8"",""08"",""179"",""968835926"",""1201"",""Y"",""USA"",""Main"",""1520"",""http://www.towerguysinc.com"",""1995"","""","""","""","""","""","""","""","""","""","""",""237130"""
"""53"",""HYDRAULIC ON SITE EQUIPMENT REPAIR LLC "",""H.O.S.E.R "",""joseph p dugick"","""",""301 E. HOUSTON ST. "","""",""MONROE"",""NC"",""28112-5633"","""",""Yes"",""7EEP1"",""08"",""179"",""079858997"",""1201"",""Y"",""USA"",""Main"",""1520"","""",""2014"","""","""","""","""",""LL"","""","""","""","""","""",""326220, 332912"""
"""54"",""Maverick Enterprises International Inc. "",""Maverick Enterprises "",""Leslie Harty"",""PRESIDENT"",""818 Cir Trace Rd "","""",""Monroe"",""NC"",""28110-7677"",""Biodegradable plastics:bags,sheeting,tubing,film,bank bags,stretch film,shrink film,mailing bags, construction film,can liners,tamper evident bags,Landfill liners, trade show/store bags, containers, plates, utensils; tape"",""No"",""00GY8"",""09"",""179"",""869192344"",""1201"",""Y"",""USA"",""Main"",""1520"",""http://www.maverickent.net"",""1993"","""","""","""","""","""","""","""",""Biodegradable, plastic, sheeting, shrink, stretch, tubing, bags, liners, mailers, can liners, pallet wrap, bank bags, bubble wrap, pouch wrap, containers, utensils, plates, food containers"","""",""High density, PVC, Butene, Hexene, Super Hexene, Metallocene,Octene, Blends for food bags, Co-ex films and stretch films,biodegradable film"",""326111, 326112, 326113, 326199, 424130, 424610"""
"""55"",""PERFORMANCE ANESTHESIA PA"","""",""WALTER HAND"","""",""323 SARA LANE"","""",""MONROE"",""NC"",""28112-0000"","""",""No"",""1L8M5"",""08"",""179"",""010674229"",""1201"",""Y"",""USA"",""Main"",""1520"","""",""1994"","""","""","""","""",""SC"","""","""","""","""","""",""621399"""
"""56"",""GOLDEN TECH SYSTEMS INC "","""",""Pushpinder S Garcha"","""",""2704 TWINBERRY LN "","""",""WAXHAW"",""NC"",""28173-7034"","""",""No"",""7DPH7"",""09"",""179"",""013398317"",""1201"",""Y"",""USA"",""Main"",""1520"",""www.golden-tech-systems.com"",""2007"","""","""","""","""",""SC"","""","""",""Custom Application Development, Application Integration, Migration Strategies, Performance Testing"","""","""",""511210, 518210, 541490, 541511, 541512, 541519, 541519, 541690"""
"""57"",""Jay Yon Corp "","""",""Jay Y Yon"","""",""1900 Funny Cide Dr "","""",""Waxhaw"",""NC"",""28173-8299"","""",""No"",""792W5"",""09"",""179"",""010669549"",""1201"",""Y"",""USA"",""Main"",""1520"","""",""2001"","""","""","""","""",""SC"","""","""",""Commercial Building"","""","""",""236115, 236116, 236117, 236118, 236210, 236220, 238160"""
"""58"",""STUART PAGE COMPANY, INC."","""",""KIMBERLY  A PAGE"","""",""1801 STALLINGS RD"","""",""MATTHEWS"",""NC"",""28104-0000"","""",""No"",""5QX91"",""09"",""179"",""113836337"",""0101"",""Y"",""USA"",""Main"",""1520"","""",""1991"","""","""","""","""","""","""","""","""","""","""",""238990"""
"""59"",""Geological Resources, Inc. "","""",""LISA HILBISH"","""",""3502 Hayes Rd "","""",""Monroe"",""NC"",""28110-7903"",""environmental site assessments; groundwater & soil remediation; Phase I & II ESA; sedimentation erosion control plans; vapor intrusion; UST closures; Brownfields; wetland determination; SPCC Plans; emergency response to petroleum spills. Southeast US"",""Yes"",""1UGE0"",""09"",""179"",""072009194"",""1201"",""Y"",""USA"",""Main"",""1520"",""www.geologicalresourcesinc.com"",""1971"","""","""","""","""",""SC"","""","""",""consulting, engineering, environmental, remediation, site assessment, due diligence, emergency response, underground tank, UST, AST, Brownfields, Phase I, Phase II, asbestos, wetlands, drilling, geoprobe, SPCC, SWPPP, geologist"","""",""Trailer mounted HD 16000 AMS Drill Rig; Geoprobe; Hand held GPS unit/ARCVIEW 9.0 Software; Other Field Equipment: PID, LEL, Tripod/Level/Rod, interface probes, water quality meters, water level meters, metal detector, etc."",""541330, 541330, 541330, 541330, 541620, 541690, 562910, 562910"""
"""60"",""PINPOINT SYSTEMS CORPORATION"","""",""Gerald Burger"","""",""8605 TRETHORNE CT"","""",""WAXHAW"",""NC"",""28173-6797"","""",""No"",""5QC90"",""09"",""179"",""807057059"",""1201"",""Y"",""USA"",""Main"",""1520"",""http://www.pinpoint-corp.com"",""2006"","""","""","""","""",""SC"","""","""","""","""","""",""541512, 541613, 541910"""
"""61"",""Sentek Solutions, Inc. "","""",""Greg  Watson"","""",""2019 Van Buren Ave Ste A "","""",""Indian Trail"",""NC"",""28079-5630"","""",""Yes"",""56M55"",""08"",""179"",""140208252"",""1201"",""Y"",""USA"",""Main"",""1520"",""http://www.senteksolutions.com"",""2003"","""","""","""","""",""SC"","""","""","""","""","""",""423690"""
"""62"",""ENERGY VISION INC. "","""",""MICHAEL  HOLSTER"","""",""9732 Pierce Rd "","""",""Indian Trail"",""NC"",""28079-7710"",""Energy Efficiency Specialist, Consulting Engineer. Offer Energy Retro Commissioning for existing buildings, and Energy Design Review for new system and building designs. 'Deep Impact Energy Savings' approach saves 100% to 300% more energy, greater comfort and productivity. Provide advanced techniques developed over 25 years in energy engineering. Emphasize measurement and monitoring in all our business offerings."",""Yes"",""6DVE3"",""08"",""179"",""623513251"",""1201"",""Y"",""USA"",""Main"",""1520"",""www.energyvisioninc.com"",""2006"","""","""","""","""",""SC"","""","""",""energy efficiency, savings, conservation, green, LEED, retrocommissioing, measurement & monitoring, M&V, design, assessment, audit, CP EnMS ISO 50001, environment, sustainable design, engineering, consulting, HVAC, controls, programming, lighting, heating"",""cooling, air conditioning, refrigeration, ventilation"",""Measurement and monitoring equipment, data loggers and sensors for hvac equipment."",""541330, 541330, 541330, 541330, 541350, 541420, 541490, 541618, 541690, 541990"""
"""63"",""Addison, Darrick "",""A S C Technologies "",""Darrick Addison"","""",""1003 SENTINEL DR "","""",""INDIAN TRAIL"",""NC"",""28079-3425"",""ASC Technologies, LLC is a high-tech information technology and consulting firm focused on providing product, system, and services solutions for commercial and government customers."",""No"",""74SY2"",""09"",""179"",""606663651"",""1201"",""Y"",""USA"",""Main"",""1520"",""www.asctllc.com"",""2001"","""","""","""","""",""LL"","""","""",""Information, Software, Engineering, IT Consulting, Programming, Computer, Computer Technology, Database, Software Architect, Software Consulting, Programmer, Software Development, Software Design, IT, Website, Web Developer, Software Application"",""Web Application, Firmware, Embedded Systems, Technology, Computer Software"","""",""334614, 423430, 541511, 541512, 541513, 611420, 811212"""
"""64"",""PURDY ENTERPRISE, LLC "","""",""Thomas D Purdy"","""",""1506 Turring Dr "","""",""Indian Trail"",""NC"",""28079-8846"","""",""No"",""6X1N3"",""08"",""179"",""078844116"",""1201"",""Y"",""USA"",""Main"",""1520"","""",""2009"","""","""","""","""",""LL"","""","""",""Service Disabled Vet"","""","""",""531311, 531312, 531390, 541611, 561720, 561730, 561790"""
"""65"",""Silvics Analytic "","""",""DWIGHT K Lauer"","""",""122 Todd Cir "","""",""WINGATE"",""NC"",""28174-7781"","""",""No"",""62A79"",""08"",""179"",""006948025"",""1201"",""Y"",""USA"",""Main"",""1520"","""",""2000"","""","""","""","""","""","""","""","""","""","""",""541990"""
"""66"",""Trinity Contracting Services, LLC"","""",""STEPHEN RUSINKO"","""",""700 Old Providence Road"","""",""Waxhaw"",""NC"",""28173-8631"","""",""No"",""6QQX1"",""09"",""179"",""078457448"",""0901"",""Y"",""USA"",""Main"",""1520"","""",""2012"","""","""","""","""",""LL"","""","""",""Fuels"","""","""",""493190, 561210"""
"""67"",""CAPO INTEGRATED COACHING AND CONSULTING, LLC "","""",""Bianca Capo"","""",""1515 YELLOW DAISY DR "","""",""MATTHEWS"",""NC"",""28104-4117"","""",""Yes"",""7DWP8"",""09"",""179"",""063158581"",""1201"",""Y"",""USA"",""Main"",""1520"","""",""2014"","""","""","""","""","""","""","""","""","""","""",""541611, 541612, 541618"""
"""68"",""PRECISION VALVE GROUP INC "","""",""William Igel"","""",""4815 EAST FORK LN "","""",""MONROE"",""NC"",""28110-0437"","""",""Yes"",""72NL1"",""08"",""179"",""007422658"",""1201"",""Y"",""USA"",""Main"",""1520"",""www.precisionvalvegroup.com"",""2011"","""","""","""","""",""SC"","""","""","""","""","""",""811310"""
"""69"",""Bryant Electric Of Charlotte, Inc."","""",""Eddie Morgan"","""",""163 Associate Lane"","""",""Indian Trail"",""NC"",""28079-7627"","""",""No"",""6VB99"",""08"",""179"",""824721273"",""1201"",""Y"",""USA"",""Main"",""1520"","""",""1994"","""","""","""","""",""SC"","""","""",""NAICS, 238210, Electrical, contractor, specializing, in multi-family, new construction, and commercial, construction."","""","""",""236116, 236210, 236220, 237110, 237120, 237130, 237990, 237990, 238110, 238120, 238130, 238140, 238150, 238160, 238170, 238190, 238210, 238220, 238290, 238310, 238320, 238330, 238350, 238910, 238990"""
"""70"",""Federal Key LLC "","""",""Linda M Huchingson"","""",""4010 Soleado Dr "","""",""Wesley Chapel"",""NC"",""28104-6299"","""",""Yes"",""770H6"",""09"",""179"",""079516515"",""1201"",""Y"",""USA"",""Main"",""1520"",""www.federalkey.com"",""2014"","""","""","""","""",""LL"","""","""","""","""","""",""334118, 334290, 334519"""
"""71"",""W. F. HARRIS LIGHTING, INC."","""",""CAROLANN OVERTON"","""",""4015 AIRPORT EXTENSION RD"","""",""MONROE"",""NC"",""28110-7398"","""",""Yes"",""0TST7"",""09"",""179"",""056470107"",""1201"",""Y"",""USA"",""Main"",""1520"",""http://www.wfharrislighting.com"",""1970"","""","""","""","""","""","""","""","""","""","""",""335121, 335122, 335129"""
"""72"",""Carolina Nine Group "","""",""Alisha  Amidon"","""",""4239 Oxford Mill Rd "","""",""Waxhaw"",""NC"",""28173-0018"","""",""Yes"",""7AX94"",""09"",""179"",""079689529"",""1201"",""Y"",""USA"",""Main"",""1520"",""www.c9group.com"",""2015"","""","""","""","""",""LL"","""","""","""","""","""",""335932, 561720, 561990"""
"""73"",""Swinson, Justice"","""",""JUSTICE  L Swinson"","""",""2324 Jacobs Ct"","""",""Monroe"",""NC"",""28110-7605"","""",""No"",""4YCB4"",""09"",""179"",""809032522"",""1201"",""Y"",""USA"",""Main"",""1520"","""",""2007"","""","""","""","""","""","""","""","""","""","""",""721211"""
"""74"",""BluEyeQ, LLC "","""",""Kent D Colling"","""",""1700 Walden Pond Ln "","""",""Waxhaw"",""NC"",""28173-8366"",""BluEyeQ provides engineering services and development of remote monitoring systems. This includes sensors, communication systems, and monitoring software."",""No"",""6WUM7"",""09"",""179"",""078838523"",""1201"",""Y"",""USA"",""Main"",""1520"",""www.blueyeq.com"",""2013"","""","""","""","""",""LL"","""","""",""Internet of Things, Predictive Analytics, M2M, Big Data, Wireless, Sensors, Industrial Internet, IoT, Mesh Network, Ad hoc network"","""",""Condition monitoring system"",""541511, 541690, 541712, 541712, 541712, 541712"""
"""75"",""Northeast Tool And Mfg. Company "","""",""BOB  Greenlee"","""",""15200 Idlewild Rd "","""",""Matthews"",""NC"",""28104-1418"","""",""No"",""66980"",""09"",""179"",""003173697"",""0901"",""Y"",""USA"",""Main"",""1520"",""netoolnc.com"",""1964"","""","""","""","""","""","""","""","""","""","""",""332322, 332710, 332721"""
"""76"",""SSC MONROE OPERATING COMPANY LLC"",""BRIAN CENTER HEALTH & RETIREMENT - MONROE"",""KELLE C SANTORO"","""",""204 OLD HWY 74 E"","""",""MONROE"",""NC"",""28112-8122"","""",""Yes"",""41HD6"",""08"",""179"",""361470565"",""1201"",""Y"",""USA"",""Main"",""1520"","""",""2005"","""","""","""","""","""","""","""","""","""","""",""623110"""
"""77"",""Jasko Fitness Solutions Inc "","""",""Sheri Kostelac"","""",""3726 Redfox Trl "","""",""Matthews"",""NC"",""28104-8938"","""",""No"",""79PU7"",""09"",""179"",""126589576"",""1201"",""Y"",""USA"",""Main"",""1520"","""",""2002"","""","""","""","""","""","""","""","""","""","""",""713940"""
"""78"",""TERRASOURCE VALUATION, LLC "","""",""John Cooley"","""",""4716 TOMS CREEK CT "","""",""WAXHAW"",""NC"",""28173-6755"","""",""No"",""6ZFW4"",""09"",""179"",""016894930"",""1201"",""Y"",""USA"",""Main"",""1520"","""",""2008"","""","""","""","""",""LL"","""","""","""","""","""",""531320"""
"""79"",""ACCRO-MET, INC."","""",""ANDREA  DOOLITTLE"","""",""3406 WESTWOOD INDUSTRIAL"","""",""MONROE"",""NC"",""28110-5208"",""Stocking raw materials to the aerospace, shipbuilding, nuclear, gun mfg and commercial industries"",""Yes"",""0EPY8"",""09"",""179"",""189907298"",""0601"",""Y"",""USA"",""Main"",""1520"",""www.accromet.com"",""1988"","""","""","""","""","""","""","""",""Metal Distributor, Stainless, Aluminum, Titanium, Nickle, Copper, Brass, Bronze"","""",""Hem saw for cut to length capabilities."",""423510"""
"""80"",""EMI Supply, Inc. "","""",""Pam Shearer"","""",""5502 Cannon Dr Ofc A "","""",""Monroe"",""NC"",""28110-8198"",""Authorized electrical and industrial distributor of Thomas & Betts, Lenox, Irwin, Polyken, Nashua, Mechanix Wear, Ironclad, Carborundun, Merit, Norton, Eaton, Cutler Hammer, Killark, Raco and many other quality manufacturer's."",""Yes"",""513S9"",""08"",""179"",""619644149"",""1201"",""Y"",""USA"",""Main"",""1520"",""http://www.emisupply.com"",""1990"","""","""","""","""","""","""","""",""abrasives, abrasive discs, 3m abrasives, gloves, fuses, cable ties, electrical terminals, silicones, adhesives, explosionproof boxes, adhesive tapes, cutting tools, band saw blades, drill bits, unibits, hole saws, thomas and betts, electrical connector"",""thhn wire, mtw wire, motor controls, fasteners"",""Abrasives, Fasteners, Electrical Connectors, Electrical Boxes, Gloves, Safety Glasses, Silicones, Cutting Tools, Band Saw Blades, Unibits, Hole Saws, Adhesive Tapes"",""423610, 423690, 423840, 424690, 424950"""
"""81"",""ORO MANUFACTURING COMPANY"","""",""Robert W Engel"","""",""5000 STITT ST"","""",""MONROE"",""NC"",""28110-0000"",""Manufacturer of Aircraft Seating for Fixed & Rotary Wing Military Aircraft"",""Yes"",""76912"",""08"",""179"",""003171311"",""1201"",""Y"",""USA"",""Main"",""1520"","""",""1945"","""","""","""","""","""","""","""",""Aircraft Seats"","""",""2000 watt CO2 Laser"",""332322, 332999, 336413"""
"""82"",""USB Recycling.com, LLC "","""",""Angie Laney"","""",""203A Lee St "","""",""Monroe"",""NC"",""28112-4920"","""",""Yes"",""73RS4"",""08"",""179"",""078650617"",""1201"",""Y"",""USA"",""Main"",""1520"",""www.usbrecycling.com"",""2011"","""","""","""","""",""LL"","""","""",""Computer Repair, Cell Phone, Recycle, Recycling, Computer, Electronics, Electronic"","""","""",""423930, 562111, 811211, 811212"""
"""83"",""CAROLINAS PREFERRED SITTERS"","""",""CHRISTINE  BURK"","""",""7710 ANTIQUE CIR"","""",""WAXHAW"",""NC"",""28173-7895"","""",""Yes"",""5SE11"",""09"",""179"",""007800891"",""1201"",""Y"",""USA"",""Main"",""1520"","""",""2001"","""","""","""","""","""","""","""","""","""","""",""561311, 561320, 561330, 561510, 561591, 561599, 561920, 561990, 624110, 624120, 624190, 624410, 812199, 812990"""
"""84"",""ASCT SERVICES, INC. "","""",""BEVERLY  HAIGLER-DALY"","""",""837 Clonmel Dr "","""",""Matthews"",""NC"",""28104-7015"","""",""Yes"",""3PFP1"",""09"",""179"",""111097494"",""0901"",""Y"",""USA"",""Main"",""1520"","""",""1998"","""","""","""","""","""","""","""",""Laboratory, Inspections"","""","""",""541690"""
"""85"",""EQUIPMENT & SUPPLY, INC."","""",""RUSSELL W BRYANT"","""",""4507 W HIGHWAY 74"","""",""MONROE"",""NC"",""28110-0430"","""",""Yes"",""53327"",""09"",""179"",""061264768"",""1201"",""Y"",""USA"",""Main"",""1520"","""",""1972"","""","""","""","""","""","""","""","""","""","""",""336413"""
"""86"",""Vebar USA, LLC "","""",""Bart Verhoeven"","""",""4807 Muscadine Ln "","""",""Monroe"",""NC"",""28110-5807"","""",""Yes"",""79R88"",""08"",""179"",""028543744"",""1201"",""Y"",""USA"",""Main"",""1520"",""www.vebar.com"",""2008"","""","""","""","""",""LL"","""","""","""","""","""",""334515, 335999, 423610, 423830"""
"""87"",""Public Works Equipment and Supply, Inc. "","""",""LARRY  J DAVIS"","""",""4519 Old Charlotte Hwy "","""",""Monroe"",""NC"",""28110-7336"","""",""Yes"",""0EZ62"",""09"",""179"",""057927980"",""1201"",""Y"",""USA"",""Main"",""1520"","""",""1972"","""","""","""","""","""","""","""","""","""","""",""423810, 562212"""
"""88"",""J. L. ANDERSON CO., INC."",""PALMETTO BRICK COMPANY"",""JOHN SANDERSON"","""",""4812 HWY 74 WEST"","""",""MONROE"",""NC"",""28110-8454"","""",""Yes"",""5B4N2"",""08"",""179"",""829480503"",""0901"",""Y"",""USA"",""Branch"",""1520"",""http://www.palmettobrick.com"",""1990"","""","""",""01/16/2011"","""",""SC"","""","""","""","""","""",""327331, 423320, 423840, 444190"""
"""89"",""Mdm Mac Enterprises Inc "","""",""Denise McIntyre"","""",""2009 MADEIRA CIR "","""",""WAXHAW"",""NC"",""28173-7280"","""",""Yes"",""6ST17"",""09"",""179"",""156733656"",""1201"",""Y"",""USA"",""Main"",""1520"","""",""2004"","""","""","""","""",""LL"","""","""","""","""","""",""113110, 212312, 212393, 212399, 221310, 237110, 238220, 238330, 238350, 238990, 315280, 316998, 321991, 321999, 323111, 323117, 325180, 325510, 325611, 325910, 326113, 326122, 326199, 326220, 327320, 327910, 331110, 331222, 331313, 331315, 331513, 332112, 332311, 332312, 332323, 332439, 332618, 332912, 332994, 332999, 333111, 333112, 333120, 333244, 333249, 333314, 333318, 333413, 333517, 333611, 333911, 333913, 334111, 334112, 334118, 334210, 334220, 334290, 334310, 334418, 334419, 334510, 334511, 334513, 334514, 334515, 334516, 334519, 335210, 335222, 335224, 335311, 335312, 335911, 335921, 335999, 336112, 336212, 336214, 336310, 336390, 336413, 337124, 337127, 337214, 339113, 339920, 339991, 339992, 339999, 423220, 423310, 423320, 423430, 423450, 423490, 423510, 423710, 423740, 423830, 424340, 424910, 441228, 453998, 484110, 511210, 517110, 541512, 541519, 541519, 541611, 541890, 561621, 811192, 811310, 813910"""
"""90"",""Humphrey, Christopher Alan "","""",""Christopher A Humphrey"","""",""2432 Community Park Dr "","""",""Stallings"",""NC"",""28104-5022"","""",""No"",""70RD3"",""09"",""179"",""079203635"",""1201"",""Y"",""USA"",""Main"",""1520"","""",""2013"","""","""","""","""","""","""","""","""","""","""",""611430"""
"""91"",""Doubleradius, Inc. "","""",""MARTY  TYNAN"","""",""2022 Van Buren Ave Ste 100 "","""",""Indian Trail"",""NC"",""28079-5573"","""",""Yes"",""3Y9X0"",""08"",""179"",""029690000"",""1201"",""Y"",""USA"",""Main"",""1520"",""http://www.doubleradius.com/"",""2001"","""","""","""","""",""SC"","""","""","""","""","""",""423690"""
"""92"",""CleanKidz USA "",""CleanKidz "",""Lee Phillips"","""",""2007 Corrona Ln "","""",""Indian Trail"",""NC"",""28079-3729"","""",""Yes"",""78F65"",""09"",""179"",""079498771"",""1201"",""Y"",""USA"",""Main"",""1520"",""www.cleankidzusa.com"",""2014"","""","""","""","""",""LL"","""","""","""","""","""",""561740"""
"""93"",""KLEIN & ASSOCiates, LLC "","""",""Phillip Klein"","""",""7601 POLYANTHA ROSE CIR "","""",""MATTHEWS"",""NC"",""28104-6237"","""",""Yes"",""7EAR1"",""09"",""179"",""003480028"",""1201"",""Y"",""USA"",""Main"",""1520"",""www.pkleinandassociates.com"",""2007"","""","""","""","""",""LL"","""","""","""","""","""",""541611"""
"""94"",""CEMETERY FUNERAL SUPPLY OF GA"",""CEMETERY FUNERAL SUPPLY"",""Stan Scruggs Jr."","""",""2202 W ROOSEVELT BLVD STE C"","""",""MONROE"",""NC"",""28110-2846"","""",""Yes"",""1YBN5"",""08"",""179"",""108647538"",""1201"",""Y"",""USA"",""Main"",""1520"","""",""1990"","""","""","""","""","""","""","""","""","""","""",""423490, 812220"""
"""95"",""JRM & Associates, Inc."","""",""Kenneth C. Sur"","""",""160-A Cupped Oak Ln"","""",""Stallings"",""NC"",""28104-8829"","""",""No"",""6WD22"",""09"",""179"",""041827916"",""1201"",""Y"",""USA"",""Main"",""1520"",""jrmassociates.net"",""1985"","""","""","""","""",""SC"","""","""","""","""","""",""423910, 423940, 424990, 425120, 541890"""
"""96"",""Premier Trading Company, LLC "",""Premier World Chemicals "",""MICHAEL Abadi"","""",""500-B Union West Blvd Union West Business Park "","""",""Matthews"",""NC"",""28104-0000"",""We supply all types of chemical products for many applications, including formulated products like metalworking fluids and lubricants, and cleaners."",""No"",""4XVT4"",""09"",""179"",""139467810"",""1201"",""Y"",""USA"",""Main"",""1520"",""http://www.premierworldchemicals.com"",""2003"","""","""","""","""",""LL"","""","""",""Chemicals"
"Chemicals, Specialty"
"Titanium, Dioxide"","""","""",""325199, 424690"""
"""97"",""K & K Contracting LLC "","""",""Kevin H Boyd"","""",""1415 Babbage Ln Ste B "","""",""Indian Trail"",""NC"",""28079-3437"","""",""No"",""7EXU3"",""08"",""179"",""140581377"",""1201"",""Y"",""USA"",""Main"",""1520"","""",""2012"","""","""","""","""",""SC"","""","""",""Flooring Contractor for all types of floors ."","""","""",""238330, 238390"""
"""98"",""WRJ Holdings, LLC "",""Classic Arms "",""William R Jones"","""",""3305 WESTWOOD INDUSTRIAL DR "","""",""MONROE"",""NC"",""28110-5204"","""",""Yes"",""7DB12"",""09"",""179"",""065907006"",""1201"",""Y"",""USA"",""Main"",""1520"",""www.classicfirearms.com"",""2011"","""","""","""","""",""LL"","""","""","""","""","""",""423910"""
"""99"",""WDM INC"",""WOOD DESIGNS OF MONROE"",""Thomas Smosky"","""",""608 BROOME ST"","""",""MONROE"",""NC"",""28110-3947"",""Over 30 years of manufacturing educational furniture."",""Yes"",""3Q3Z0"",""08"",""179"",""014333330"",""1201"",""Y"",""USA"",""Main"",""1520"",""www.wooddesigns.org"",""1994"","""","""","""","""","""","""","""",""wood furniture"","""",""100 % GREENGUARD Certified healthy for schools and children."",""337122, 337127, 337211, 337215"""
"""100"",""FLOORING SOLUTIONS, INC."","""",""HERMAN G PINION"","""",""1018 VAN BUREN AVE"","""",""INDIAN TRAIL"",""NC"",""28079-5541"","""",""Yes"",""3RFK2"",""09"",""179"",""048296896"",""1201"",""Y"",""USA"",""Main"",""1520"",""flooringsolutions.com"",""1998"","""","""","""","""",""SC"","""","""","""","""","""",""236220"""
"""101"",""Agile Pi Inc "","""",""Oscar A Rodriquez"","""",""1107 Belmont Stakes Ave "","""",""Indian Trail"",""NC"",""28079-5740"","""",""No"",""7CR73"",""08"",""179"",""079800809"",""1201"",""Y"",""USA"",""Main"",""1520"",""http://www.a"
